{
    "keep": {
        "days": true,
        "amount": 3
    },
    "auditLog": "logs\\.e184bf05e89943ff24af6dbcb7f2dee95265ac29-audit.json",
    "files": [
        {
            "date": 1706976738320,
            "name": "logs\\application-2024-02-03-21.log",
            "hash": "91550f400d42fa0373c9cd0d0ff815dfc6680c370d1784b3ea77e626214f3cfe"
        },
        {
            "date": 1706977894824,
            "name": "logs\\application-2024-02-03-22.log",
            "hash": "9150a4195fed5073cea93f284ab2aa96dd843bec900e3a058af1127a58834933"
        },
        {
            "date": 1706981424365,
            "name": "logs\\application-2024-02-03-23.log",
            "hash": "22912430df786474ac71435aaf8585421450d6c36a432ae7a1018efaa2d1717d"
        },
        {
            "date": 1706985252392,
            "name": "logs\\application-2024-02-04-00.log",
            "hash": "ef2686c3bbf60d38733068f61f799270c47c8348b3419f718fe2450ebfaf2e29"
        },
        {
            "date": 1707027524780,
            "name": "logs\\application-2024-02-04-11.log",
            "hash": "b4731c6366839b7094ac56c8d77f186e973adc29d03d8daab8459318aa896118"
        },
        {
            "date": 1707028925669,
            "name": "logs\\application-2024-02-04-12.log",
            "hash": "1bebc556ee4ebe8ad53a528de3180860961a364489b98757d9691ccadeba42ee"
        },
        {
            "date": 1707041105324,
            "name": "logs\\application-2024-02-04-15.log",
            "hash": "88dfa9ed6ff5baee99ba2ae08a468c540831ae7ceddbacd97958be443a1730aa"
        },
        {
            "date": 1707042645246,
            "name": "logs\\application-2024-02-04-16.log",
            "hash": "6f50cda7aacdd0bfba21a9ab9f753ad0c63dafb07d3221511bc5542f2cb57c4f"
        },
        {
            "date": 1707046294631,
            "name": "logs\\application-2024-02-04-17.log",
            "hash": "d01eb8969ed884ad4990ab4e4adbf93b654158cc328ef1bfd0aae1edddb90a6d"
        },
        {
            "date": 1707050018053,
            "name": "logs\\application-2024-02-04-18.log",
            "hash": "256f949cc227a85ae3f6129e6a0f6b7a3c976c4aba21e2ec6c1c231081dea587"
        },
        {
            "date": 1707053543265,
            "name": "logs\\application-2024-02-04-19.log",
            "hash": "d5c23e127f6442a33041157309c17df63abd2d4e327ed8334a0c5091f9e720ed"
        }
    ],
    "hashType": "sha256"
}